[{"Id Parfum":1,"Stoc":30,"Producător":"LANCÔME","Pret":250.0,"Descriere":"Apă de parfum pentru femei 30 ml. Parfumul care se împodobește cu un magnetism luminos și vibrant. Este o nouă poveste a întâlnirii dintre note și convingeri. În simbioză cu pielea, apa de toaletă își dezvăluie senzualitatea strălucitoare și accentele sale vanilate feerice. Suavă și lejeră, creează dependență.","Denumire":"HYPNÔSE"},{"Id Parfum":2,"Stoc":1,"Producător":"NINA RICCI","Pret":387.0,"Descriere":"Apă de parfum pentru femei 30 ml.Ricci Ricci Eau De Parfum de la Nina Ricci întrupează o femeie urbană, senzuală și misterioasă. Veritabila expresie a stilului glamour și a îndrăznelii, apa de parfum Ricci Ricci seduce prin notele sale sclipitoare de rubarbă și de bergamotă, îmbinate cu subtilitatea acordului de regină nopții și sigilate prin caracterul misterios al aromei de patchouli. Această aromă florală, proaspătă și senzuală este evidențiată de flaconul sculptural decorat cu panglică.","Denumire":"Ricci Ricci"},{"Id Parfum":3,"Stoc":0,"Producător":"Dior","Pret":578.0,"Descriere":"Apă de parfum pentru femei, 100 ml. J'adore Eau de Parfum este marele floral feminin al Casei Dior. Un buchet cizelat pana in cele mai mici detalii, ca o floare \"croita\" pe masura. Esenta de ylang-ylang cu note floral-fructate si esenta de trandafir de Damasc din Turcia se imbina cu un duet rar, compus din Iasomie grandiflorum de Grasse si Iasomie Sambac din India, de o senzualitate fructata si plina de voluptate. Flaconul J'adore este la fel de feminin ca parfumul. Preluand liniile curbe si senzuale ale amforei emblematice create de Christian Dior, este impodobit cu legendarul colier Massai, asemeni unei bijuterii ce infrumuseteaza gatul unei femei. \"J'adore este un parfum extraordinar, pentru ca reuseste sa seduca fara efort, avand o semnatura originala. E voluptuos, fara sa fie apasator. Este o compozitie care alatura contrariile, transformand notele florale emblematice intr-un ansamblu captivant, inedit si misterios. \r\n","Denumire":"J'adore"},{"Id Parfum":4,"Stoc":0,"Producător":"Dior","Pret":700.0,"Descriere":"Apă de parfum pentru bărbați 100 ml. Sauvage Eau de Parfum de la Dior este un parfum masculin inspirat de deșertul la apusul soarelui. Pentru Sauvage Eau de Parfum, Casa Dior a selectat o vanilie de o calitate excepțională, originară din Papua-Noua Guinee. Pe un fond lemnos-ambra, aceasta emană un exotism cu o latură gurmandă și îi conferă parfumului accente orientale senzuale.\r\n","Denumire":"Sauvage"},{"Id Parfum":6,"Stoc":0,"Producător":"LANCÔME","Pret":659.0,"Descriere":"Apă de parfum pentru femei, 50 ml. Fericirea este o vibrație care trăiește în noi. Este efemeră, dar intensă. Rapidă, dar puternică. Este acum, aici! Pulsând în noua Apă de Parfum La Vie Est Belle Intensement. Trăiește viața din plin, aici și acum. Traiește fericirea în orice moment.Compoziția olfactivă a parfumului La Vie est Belle Intensement este alcătuită dintr-o inimă puternică și senzuală (iris, boabe de Vanilie, iasomie de Sambac, paciuli).\r\n","Denumire":"La Vie Est Belle "},{"Id Parfum":7,"Stoc":8,"Producător":"Dior","Pret":431.0,"Descriere":"Apă de parfum pentru femei, 30 ml. Bucuria este în sfârșit captată în notele unui parfum bland, învăluitor și, în același timp, plin de energie. O oda închinată plăcerii și vieții. Flaconul este prețios și luminos. Feminitatea transpare în argintiul său strălucitor și în rozul radios al lichidului care captivează instantaneu. Un fir strălucitor de culoarea argintului se înfășoară în jurul capacului, ca o bijuterie delicată, gravată cu finețe, pe care apare numele său, încolăcit într-un \"O\" perfe\r\n","Denumire":"JOY "},{"Id Parfum":8,"Stoc":6,"Producător":"Dior","Pret":496.0,"Descriere":"Apă de parfum pentru bărbați, 50 ml. Întruchiparea nobleții și a rafinamentului într-o apă de parfum generoasă și vibrantă. Irisul intens, susținut de o fațetă de Ambra senzuală și de un fond lemnos încântător, emană un farmec puternic. O interpretare senzuală care lansează, prin ultimele note, o invitație.Notele parfumierului: Dior Homme evită toate clișeele masculine. Explorează un nou tip de virilitate: instantanee, dar totuși complexă.\" - Francois Demachy.\r\n","Denumire":"Dior Homme Intense"},{"Id Parfum":9,"Stoc":14,"Producător":"LANCÔME","Pret":408.0,"Descriere":"Apă de parfum pentru femei, 50 ml. Fiecare 100 de ani, două stele se lovesc, irezistibil atrase una de cealaltă. Impactul generează mult prețuitul diamant negru. La Nuit Trésor este Diamantul Negru sub semnătura Lancôme. Acest parfum gurmand este semnătura femeii ce crede cu tărie în povestea de dragoste modernă. Iubirea la prima vedere. Sărutul fermecat. O noapte petrecută sub stele. Note de top: Lichior de liciu, Zmeură Note de mijloc: Esență de Trandafir Damascena, Tămâie Note de bază: Absolut de Orhidee de Vanilie Tahitensis, Pralină, Paciuli, Papirus.\r\n","Denumire":"La Nuit Trésor"},{"Id Parfum":10,"Stoc":20,"Producător":"Hugo Boss","Pret":440.0,"Descriere":"Apă de parfum pentru bărbați, 100 ml. Hugo de Hugo Boss este un parfum energizant și răcoritor, cu o compoziție lemnos-aquatică. Notele de măr și lavandă se combină perfect cu aromele de mentă și patchouli, creând o experiență olfactivă unică. Note de top: Măr, Grapefruit Note de mijloc: Lavandă, Menta Note de bază: Lemn de cedru, Patchouli.\r\n","Denumire":"Hugo"},{"Id Parfum":11,"Stoc":22,"Producător":"Yves Saint Laurent","Pret":405.0,"Descriere":"Apă de parfum pentru femei, 50 ml. Înspăimântător de fascinant și seducător, Black Opium de Yves Saint Laurent te învăluie într-o senzație misterioasă și încântătoare. Parfumul este o explozie de cafea neagră, completată de note florale și lemnoase. Note de top: Cafea, Piper Roz Note de mijloc: Iasomie, Vanilie, Flori albe Note de bază: Lemn de Cedru, Paciuli, Lemn de Santal.\r\n","Denumire":"Black Opium"},{"Id Parfum":12,"Stoc":8,"Producător":"Carolina Herrera","Pret":448.0,"Descriere":"Apă de parfum pentru femei, 50 ml. Un parfum emblematic de la Carolina Herrera, Good Girl este un mix de arome îndrăznețe și contrastante, care reușește să surprindă și să fascineze. Notele florale și cele lemnoase se combină perfect pentru a crea o experiență olfactivă unică. Note de top: Migdale, Cafea Note de mijloc: Iasomie, Tuberose, Floare de Portocal Note de bază: Fava Tonka, Cacao, Lemn de Cedru.\r\n","Denumire":"Good Girl"},{"Id Parfum":13,"Stoc":22,"Producător":"Gucci","Pret":526.0,"Descriere":"Apă de parfum pentru femei, 50 ml. Gucci Bloom este un parfum floral, feminin și rafinat, care te poartă prin grădinile cu flori delicate. Compoziția este un mix subtil de arome florale și note lemnoase, care îți lasă o senzație de prospețime și vitalitate. Note de top: Tuberoză, Iasomie, Caprifoi Note de mijloc: Iris, Floare de Portocal Note de bază: Lemn de Cedru, Paciuli, Mosc Alb.\r\n","Denumire":"Gucci Bloom"},{"Id Parfum":14,"Stoc":4,"Producător":"Chloé","Pret":400.0,"Descriere":"Apă de parfum pentru femei, 50 ml. Chloé este un parfum emblematic, cu note florale delicate și rafinate, care te poartă prin grădini înflorite. Compoziția este un mix subtil de arome de trandafir și magnolie, care îți lasă o senzație de prospețime și puritate. Note de top: Trandafir, Iasomie Note de mijloc: Magnolie Note de bază: Cedru, Lemn de Santal.\r\n","Denumire":"Chloé"},{"Id Parfum":15,"Stoc":19,"Producător":"Giorgio Armani","Pret":416.0,"Descriere":"Apă de parfum pentru femei, 50 ml. Si de Giorgio Armani este un parfum sofisticat și seducător, care combină notele fructate cu cele florale și lemnoase. Compoziția este un mix subtil de arome de zmeură și vanilie, completate de note de trandafir și paciuli. Note de top: Fructe de pădure, Bergamotă Note de mijloc: Trandafir, Frezie Note de bază: Vanilie, Paciuli, Lemn de Cedru.\r\n","Denumire":"Si"},{"Id Parfum":16,"Stoc":80,"Producător":"Narciso Rodriguez","Pret":395.0,"Descriere":"Apă de parfum pentru femei, 50 ml. Narciso Rodriguez for Her este un parfum seducător, cu o compoziție florală și lemnoasă. Notele delicate de flori albe se combină perfect cu aromele lemnoase, creând o experiență olfactivă unică. Note de top: Trandafir, Piersică, Mosc Note de mijloc: Ambră, Flori albe Note de bază: Cedru, Paciuli.\r\n","Denumire":"Narciso Rodriguez fo"},{"Id Parfum":17,"Stoc":1,"Producător":"Paco Rabanne","Pret":397.0,"Descriere":"Apă de parfum pentru femei, 50 ml. Olympea de Paco Rabanne este un parfum seducător și sofisticat, cu note florale și lemnoase. Compoziția este un mix subtil de arome de jasmin și vanilie, completate de note de ambroxan și paciuli. Note de top: Tangerină verde, Gălbenele Note de mijloc: Jasmin, Ghimbir Note de bază: Vanilie, Ambroxan, Paciuli.\r\n","Denumire":"Olympea"},{"Id Parfum":18,"Stoc":1,"Producător":"Thierry Mugler","Pret":778.0,"Descriere":"Apă de parfum pentru femei, 75 ml. Alien de Thierry Mugler este un parfum misterios și seducător, cu o compoziție exotică și intensă. Notele florale și lemnoase se combină perfect cu aromele de vanilie și ambroxan, creând o experiență olfactivă unică. Note de top: Iasomie Sambac Note de mijloc: Lemn de Cachemire Note de bază: Ambroxan, Vanilie.\r\n","Denumire":"Alien"},{"Id Parfum":19,"Stoc":1,"Producător":"Chanel","Pret":607.0,"Descriere":"Apă de parfum pentru femei, 100 ml. Chance de Chanel este un parfum elegant și sofisticat, cu o compoziție florală și lemnoasă. Notele delicate de flori albe se combină perfect cu aromele lemnoase și de vanilie, creând o experiență olfactivă unică. Note de top: Grapefruit, Piersică Note de mijloc: Iasomie, Jacintă Note de bază: Vanilie, Lemn de Cedru.\r\n","Denumire":"Chance"},{"Id Parfum":20,"Stoc":10,"Producător":"Guerlain","Pret":598.0,"Descriere":"Apă de parfum pentru femei, 50 ml. La Petite Robe Noire de Guerlain este un parfum delicat și romantic, cu o compoziție florală și fructată. Notele de cireșe negre se combină perfect cu aromele de trandafir și patchouli, creând o experiență olfactivă unică. Note de top: Cireșe negre, Migdale amare Note de mijloc: Trandafir, Lichior de ceai Note de bază: Patchouli, Vanilie, Mosc.\r\n","Denumire":"La Petite Robe Noire"},{"Id Parfum":21,"Stoc":1,"Producător":"Guerlain","Pret":530.0,"Descriere":"Apă de parfum pentru femei, 50 ml. Mon Guerlain de Guerlain este un parfum sofisticat și senzual, cu o compoziție oriental-lemnoasă. Notele de lavandă și iasomie se combină perfect cu aromele de vanilie și lemn de santal, creând o experiență olfactivă unică. Note de top: Lavandă, Bergamotă Note de mijloc: Iasomie Note de bază: Vanilie, Lemn de santal.\r\n","Denumire":"Mon Guerlain"},{"Id Parfum":22,"Stoc":1,"Producător":"Giorgio Armani","Pret":600.0,"Descriere":"Apă de parfum pentru bărbați, 100 ml. Acqua di Giò Profumo de Giorgio Armani este un parfum intens și sofisticat, cu o compoziție lemnoas-orientală. Notele de bergamotă și geraniu se combină perfect cu aromele de incens și piper, creând o experiență olfactivă unică. Note de top: Bergamotă, Geraniu Note de mijloc: Rozmarin, Sclipeți de marine Note de bază: Incens, Paciuli, Piper.\r\n","Denumire":"Acqua di Giò Profumo"},{"Id Parfum":23,"Stoc":4,"Producător":"Jean Paul Gaultier","Pret":380.0,"Descriere":"Apă de parfum pentru bărbați, 75 ml. Le Male de Jean Paul Gaultier este un parfum clasic și seducător, cu o compoziție orientală. Notele de mentă și lavandă se combină perfect cu aromele de vanilie și scorțișoară, creând o experiență olfactivă unică. Note de top: Menta Note de mijloc: Lavandă Note de bază: Vanilie, Scorțișoară, Ambroxan.\r\n","Denumire":"Le Male"},{"Id Parfum":24,"Stoc":1,"Producător":"Paco Rabanne","Pret":530.0,"Descriere":"Apă de parfum pentru bărbați, 100 ml. 1 Million de Paco Rabanne este un parfum seducător și sofisticat, cu o compoziție lemnoas-orientală. Notele de grapefruit și mentă se combină perfect cu aromele de trandafir și scorțișoară, creând o experiență olfactivă unică. Note de top: Grapefruit, Menta Note de mijloc: Trandafir Note de bază: Ambra, Lemn de Cedru, Scorțișoară.\r\n","Denumire":"1 Million"},{"Id Parfum":25,"Stoc":7,"Producător":"Chanel","Pret":610.0,"Descriere":"Apă de parfum pentru bărbați, 100 ml. Bleu de Chanel de Chanel este un parfum sofisticat și intens, cu o compoziție lemnos-orientală. Notele de grapefruit și lămâie se combină perfect cu aromele de vetiver și ambroxan, creând o experiență olfactivă unică. Note de top: Grapefruit, Lămâie Note de mijloc: Ghimbir, Vetiver Note de bază: Cedru, Lemn de Santal, Ambroxan.\r\n","Denumire":"Bleu de Chanel"},{"Id Parfum":26,"Stoc":1,"Producător":"Dolce & Gabbana","Pret":485.0,"Descriere":"Apă de parfum pentru bărbați, 100 ml. The One for Men de Dolce & Gabbana este un parfum elegant și sofisticat, cu o compoziție lemnos-orientală. Notele de grapefruit și coajă de portocală se combină perfect cu aromele de cedru și ambroxan, creând o experiență olfactivă unică. Note de top: Grapefruit, Coajă de portocală Note de mijloc: Cardamon, Ghimbir Note de bază: Cedru, Ambroxan, Vanilie.\r\n","Denumire":"The One for Men"},{"Id Parfum":27,"Stoc":3,"Producător":"Hugo Boss","Pret":450.0,"Descriere":"Apă de parfum pentru bărbați, 100 ml. Boss Bottled de Hugo Boss este un parfum clasic și sofisticat, cu o compoziție lemnoas-orientală. Notele de măr și scorțișoară se combină perfect cu aromele de geraniu și vetiver, creând o experiență olfactivă unică. Note de top: Măr, Citrice Note de mijloc: Scorțișoară, Geraniu Note de bază: Lemn de Cedru, Vetiver.\r\n","Denumire":"Boss Bottled"},{"Id Parfum":28,"Stoc":1,"Producător":"Chanel","Pret":660.0,"Descriere":"Apă de parfum pentru femei, 50 ml. Coco Mademoiselle de Chanel este un parfum clasic și elegant, cu o compoziție floral-orientală. Notele de portocală și iasomie se combină perfect cu aromele de patchouli și vetiver, creând o experiență olfactivă unică. Note de top: Portocală, Bergamotă Note de mijloc: Iasomie, Trandafir Note de bază: Patchouli, Vetiver.\r\n","Denumire":"Coco Mademoiselle"},{"Id Parfum":29,"Stoc":4,"Producător":"Paco Rabanne","Pret":540.0,"Descriere":"Apă de parfum pentru bărbați, 100 ml. Invictus de Paco Rabanne este un parfum seducător și energizant, cu o compoziție lemnos-marine. Notele de grapefruit și mentă se combină perfect cu aromele de mirodenii și lemn de guaiac, creând o experiență olfactivă unică. Note de top: Grapefruit, Coajă de portocală Note de mijloc: Mirodenii Note de bază: Lemn de Guaiac, Ambra cenușie.\r\n","Denumire":"Invictus"},{"Id Parfum":30,"Stoc":1,"Producător":"Dior","Pret":610.0,"Descriere":"Apă de parfum pentru bărbați, 100 ml. Dior Homme de Dior este un parfum elegant și sofisticat, cu o compoziție florală și lemnoasă. Notele de lămâie și iris se combină perfect cu aromele de cedru și vetiver, creând o experiență olfactivă unică. Note de top: Lămâie, Bergamotă Note de mijloc: Iris, Ambroxan Note de bază: Cedru, Vetiver.\r\n","Denumire":"Dior Homme"},{"Id Parfum":31,"Stoc":19,"Producător":"Hugo Boss","Pret":520.0,"Descriere":"Apă de parfum pentru bărbați, 100 ml. The Scent de Hugo Boss este un parfum seducător și intens, cu o compoziție lemnos-orientală. Notele de ghimbir și lavandă se combină perfect cu aromele de piele și lemn de santal, creând o experiență olfactivă unică. Note de top: Ghimbir, Bergamotă Note de mijloc: Lavandă, Maninka Note de bază: Piele, Lemn de santal.\r\n","Denumire":"The Scent"},{"Id Parfum":32,"Stoc":1,"Producător":"Giorgio Armani","Pret":530.0,"Descriere":"Apă de parfum pentru bărbați, 100 ml. Emporio Armani Stronger With You de Giorgio Armani este un parfum seducător și intens, cu o compoziție lemnos-orientală. Notele de piper roz și frunze de violetă se combină perfect cu aromele de castană și vanilie, creând o experiență olfactivă unică. Note de top: Piper roz, Frunze de violete Note de mijloc: Castană Note de bază: Vanilie.\r\n","Denumire":"Emporio Armani Stron"},{"Id Parfum":33,"Stoc":1,"Producător":"Yves Saint Laurent","Pret":550.0,"Descriere":"Apă de parfum pentru bărbați, 100 ml. L Homme de Yves Saint Laurent este un parfum elegant și sofisticat, cu o compoziție lemnos-florală. Notele de bergamotă și ghimbir se combină perfect cu aromele de lemn de cedru și vetiver, creând o experiență olfactivă unică. Note de top: Bergamotă, Ghimbir Note de mijloc: Flori de portocal, Piper roz Note de bază: Lemn de cedru, Vetiver.\r\n","Denumire":"L Homme"},{"Id Parfum":34,"Stoc":1,"Producător":"Dior","Pret":590.0,"Descriere":"Apă de parfum pentru bărbați, 100 ml. Fahrenheit de Dior este un parfum iconic și sofisticat, cu o compoziție lemnos-florală. Notele de lămâie și mușcate se combină perfect cu aromele de piele și lemn de santal, creând o experiență olfactivă unică. Note de top: Lămâie, Mușcate Note de mijloc: Violete Note de bază: Piele, Lemn de santal.\r\n","Denumire":"Fahrenheit"},{"Id Parfum":35,"Stoc":3,"Producător":"Givenchy","Pret":580.0,"Descriere":"Apă de parfum pentru bărbați, 100 ml. Gentleman Givenchy de Givenchy este un parfum clasic și sofisticat, cu o compoziție lemnoas-florală. Notele de bergamotă și cardamon se combină perfect cu aromele de iris și lemn de cedru, creând o experiență olfactivă unică. Note de top: Bergamotă, Cardamon Note de mijloc: Iris, Lavandă Note de bază: Lemn de cedru, Vetiver.\r\n","Denumire":"Gentleman Givenchy"},{"Id Parfum":36,"Stoc":10,"Producător":"Creed","Pret":1550.0,"Descriere":"Apă de parfum pentru bărbați, 100 ml. Aventus de Creed este un parfum luxos și sofisticat, cu o compoziție lemnos-fructată. Notele de ananas și bergamotă se combină perfect cu aromele de mosc și lemn de cedru, creând o experiență olfactivă unică. Note de top: Ananas, Bergamotă Note de mijloc: Mosc Note de bază: Lemn de cedru, Paciuli.\r\n","Denumire":"Aventus"},{"Id Parfum":37,"Stoc":100,"Producător":"GIVENCHY","Pret":480.0,"Descriere":"Apă de parfum bărbați, 80 ml. Reinventeaza regulile cu Gentleman Society Eau de Parfum, parfumul masculin Givenchy ce redefineste conceptul de gentleman. Un parfum cu mai multe fatete ce creeaza un contrast intre nota de narcisa salbatica si acordul lemnos enigmatic. Realizat din ingrediente remarcabile, Gentleman Society este emblematic pentru maiestria si expertiza Givenchy. Notele de varf de salvie proaspata se combina cu acordurile florale ale absolutului de narcisa salbatica. Acest duo se alatura aromei intense si misterioase a acordurilor de Vetiver recoltat in Madagascar, Uruguay si Haiti. Aroma calda de vanilie este mixata cu esentele de lemn de santal si lemn de cedru ce ofera intensitate acestui parfum sofisticat pentru barbati. O declaratie indrazneata pentru gentlemanul modern. Designul flacoanelor Givenchy Gentleman este revizuit cu un accent de eleganta pura. Sigla 4 G reinterpretata in metal argintiu decoreaza sticla negru-lacuit. Flaconul este compus in proportie de 15%","Denumire":"Gentleman Society"},{"Id Parfum":38,"Stoc":2,"Producător":"Dior","Pret":520.0,"Descriere":"Apă de parfum femei, 50 ml. Elegance Divine de la Dior este un parfum sofisticat si senzual, perfect pentru femeia moderna care doreste sa straluceasca. Cu note de varf de bergamot, ylang-ylang si trandafir, se dezvolta in inima de iasomie si vanilie, culminand intr-un amestec cald de mosc, ambra si lemn de santal. Flaconul elegant si rafinat completeaza perfect aura luxoasa a acestui parfum de exceptie.\r\n","Denumire":"Elegance Divine"},{"Id Parfum":40,"Stoc":5,"Producător":"GUCCI","Pret":450.0,"Descriere":"Apă de parfum femei, 30 ml. Floral Essence de la Gucci este un parfum delicat si fresh, conceput pentru femeia moderna si romantica. Combinand note de varf de piersica, coacaze rosii si lamaie, cu inima de frezie, magnolie si trandafir, acest parfum se incheie cu baza de mosc alb, cedru si ambra. Flaconul simplu si rafinat subliniaza eleganta acestui parfum feminin.\r\n","Denumire":"Floral Essence"},{"Id Parfum":41,"Stoc":1,"Producător":"ARMANI","Pret":480.0,"Descriere":"Apă de parfum bărbați, 50 ml. Ocean Breeze de la Armani este un parfum proaspat si energizant, perfect pentru barbatul modern si dinamic. Cu note de varf de grapefruit, mandarina si piper roz, se desfasoara intr-o inima de lavanda, geranium si cardamom, in timp ce baza parfumului include lemn de santal, vetiver si paciuli. Flaconul elegant si modern completeaza perfect acest parfum rafinat.\r\n","Denumire":"Ocean Breeze"},{"Id Parfum":42,"Stoc":10,"Producător":"YVES SAINT LAURENT","Pret":550.0,"Descriere":"Apă de parfum femei, 30 ml. Velvet Dreams de la Yves Saint Laurent este un parfum senzual si captivant, destinat femeii moderne si sofisticate. Cu note de varf de bergamot, coacaze negre si litchi, parfumul se dezvolta intr-o inima de iasomie, trandafir si patchouli, culminand cu baza calda de vanilie, ambra si lemn de santal. Flaconul luxos si rafinat reflecta perfect esenta acestui parfum seducator.\r\n","Denumire":"Velvet Dreams"}]